epoch	step	seen	train_loss	smooth_loss	val_acc	val_top5	lr
1	1250	100000	4.967669	4.534431	0.041200	0.140600	4.99603997e-04
2	2500	200000	4.227112	4.035240	0.043300	0.158400	9.99607997e-04
3	3750	300000	3.879178	3.782911	0.034500	0.105800	1.49961200e-03
4	5000	400000	3.647846	3.599952	0.039800	0.125600	1.99961600e-03
5	6250	500000	3.482957	3.395808	0.046200	0.130900	2.49962000e-03
6	7500	600000	3.351892	3.279186	0.061700	0.190600	2.99962400e-03
7	8750	700000	3.248140	3.224446	0.083400	0.258800	3.49962800e-03
8	10000	800000	3.165050	3.134911	0.061600	0.152500	3.99963200e-03
9	11250	900000	3.080276	3.075220	0.115500	0.294100	3.99883574e-03
10	12500	1000000	2.994206	2.937753	0.137400	0.321300	3.99534089e-03
11	13750	1100000	2.928172	2.963480	0.162900	0.363800	3.98951953e-03
12	15000	1200000	2.868007	2.853630	0.171000	0.381700	3.98137844e-03
13	16250	1300000	2.821691	2.757727	0.118700	0.285100	3.97092711e-03
14	17500	1400000	2.779979	2.801070	0.150200	0.371500	3.95817773e-03
15	18750	1500000	2.742041	2.740723	0.141200	0.337800	3.94314517e-03
16	20000	1600000	2.707777	2.685359	0.173100	0.392200	3.92584696e-03
17	21250	1700000	2.681583	2.666806	0.054700	0.153100	3.90630325e-03
18	22500	1800000	2.654033	2.726906	0.191500	0.408500	3.88453685e-03
19	23750	1900000	2.626710	2.622259	0.152300	0.337800	3.86057312e-03
20	25000	2000000	2.609067	2.653664	0.135700	0.328200	3.83444002e-03
21	26250	2100000	2.587703	2.650467	0.088600	0.237900	3.80616800e-03
22	27500	2200000	2.570049	2.544479	0.051500	0.154800	3.77579004e-03
23	28750	2300000	2.550292	2.554920	0.239600	0.491100	3.74334156e-03
24	30000	2400000	2.533279	2.572982	0.193500	0.415800	3.70886038e-03
25	31250	2500000	2.520211	2.560331	0.089500	0.228800	3.67238672e-03
26	32500	2600000	2.502091	2.514432	0.185500	0.424900	3.63396310e-03
27	33750	2700000	2.489612	2.481468	0.199800	0.431800	3.59363432e-03
28	35000	2800000	2.473612	2.428616	0.236900	0.503700	3.55144741e-03
29	36250	2900000	2.460635	2.479287	0.175000	0.397800	3.50745154e-03
30	37500	3000000	2.449609	2.503446	0.133800	0.316900	3.46169803e-03
31	38750	3100000	2.435769	2.467106	0.179300	0.395800	3.41424022e-03
32	40000	3200000	2.421253	2.443223	0.241400	0.471500	3.36513344e-03
33	41250	3300000	2.412551	2.475185	0.097700	0.252400	3.31443495e-03
34	42500	3400000	2.404971	2.531156	0.083200	0.209500	3.26220386e-03
35	43750	3500000	2.387573	2.468163	0.214800	0.437900	3.20850108e-03
36	45000	3600000	2.376701	2.393212	0.131600	0.303100	3.15338921e-03
37	46250	3700000	2.366105	2.395821	0.280900	0.532400	3.09693252e-03
38	47500	3800000	2.355531	2.357950	0.060900	0.153000	3.03919684e-03
39	48750	3900000	2.344035	2.378902	0.206800	0.433900	2.98024949e-03
40	50000	4000000	2.333426	2.385875	0.189600	0.390700	2.92015918e-03
41	51250	4100000	2.323699	2.347634	0.207900	0.429500	2.85899600e-03
42	52500	4200000	2.312175	2.311535	0.125800	0.319800	2.79683125e-03
43	53750	4300000	2.305217	2.291395	0.276500	0.539100	2.73373741e-03
44	55000	4400000	2.292514	2.330431	0.184800	0.407500	2.66978805e-03
45	56250	4500000	2.280003	2.265622	0.209000	0.445000	2.60505774e-03
46	57500	4600000	2.269282	2.334888	0.264400	0.515700	2.53962195e-03
47	58750	4700000	2.256318	2.259596	0.083700	0.213300	2.47355698e-03
48	60000	4800000	2.244602	2.335574	0.255600	0.502300	2.40693984e-03
49	61250	4900000	2.234329	2.218522	0.123200	0.308600	2.33984823e-03
50	62500	5000000	2.225889	2.209701	0.278500	0.531900	2.27236036e-03
51	63750	5100000	2.212285	2.249260	0.228400	0.476700	2.20455493e-03
52	65000	5200000	2.202024	2.240234	0.113100	0.257100	2.13651099e-03
53	66250	5300000	2.188790	2.162928	0.289300	0.554700	2.06830788e-03
54	67500	5400000	2.176327	2.218815	0.325900	0.597300	2.00002513e-03
55	68750	5500000	2.166731	2.197604	0.259200	0.493800	1.93174235e-03
56	70000	5600000	2.155694	2.132186	0.251300	0.505800	1.86353916e-03
57	71250	5700000	2.142720	2.174880	0.212500	0.462000	1.79549507e-03
58	72500	5800000	2.129649	2.134927	0.300200	0.562000	1.72768944e-03
59	73750	5900000	2.118860	2.154783	0.296600	0.553400	1.66020131e-03
60	75000	6000000	2.105830	2.120103	0.307100	0.564600	1.59310937e-03
61	76250	6100000	2.092168	2.021003	0.311800	0.569000	1.52649186e-03
62	77500	6200000	2.080231	2.058148	0.337400	0.603000	1.46042645e-03
63	78750	6300000	2.067005	2.154915	0.323600	0.586500	1.39499017e-03
64	80000	6400000	2.054893	2.103686	0.250300	0.497500	1.33025931e-03
65	81250	6500000	2.039169	2.045554	0.297300	0.548400	1.26630935e-03
66	82500	6600000	2.024576	2.050196	0.350200	0.614000	1.20321486e-03
67	83750	6700000	2.013614	2.019934	0.257200	0.516000	1.14104940e-03
68	85000	6800000	2.003688	2.038412	0.309000	0.571800	1.07988545e-03
69	86250	6900000	1.988599	1.981412	0.339900	0.599400	1.01979433e-03
70	87500	7000000	1.974229	1.953238	0.362900	0.629900	9.60846105e-04
71	88750	7100000	1.961212	1.978104	0.357500	0.628300	9.03109507e-04
72	90000	7200000	1.946282	1.988548	0.304400	0.562500	8.46651854e-04
73	91250	7300000	1.934357	1.924166	0.295000	0.537200	7.91538975e-04
74	92500	7400000	1.920280	1.913617	0.342700	0.607000	7.37835131e-04
75	93750	7500000	1.906265	1.902513	0.349100	0.599800	6.85602938e-04
76	95000	7600000	1.896342	1.913101	0.376300	0.651400	6.34903297e-04
77	96250	7700000	1.881960	1.950428	0.347600	0.609500	5.85795323e-04
78	97500	7800000	1.867761	1.881925	0.335200	0.589100	5.38336276e-04
79	98750	7900000	1.857495	1.956262	0.330000	0.585300	4.92581490e-04
80	100000	8000000	1.846629	1.881364	0.383500	0.644100	4.48584315e-04
81	101250	8100000	1.836443	1.843702	0.310100	0.555100	4.06396050e-04
82	102500	8200000	1.825023	1.875287	0.369700	0.635700	3.66065885e-04
83	103750	8300000	1.813613	1.763983	0.395900	0.661500	3.27640846e-04
84	105000	8400000	1.799541	1.762643	0.370800	0.636900	2.91165733e-04
85	106250	8500000	1.792922	1.817731	0.378400	0.648200	2.56683077e-04
86	107500	8600000	1.782486	1.797338	0.383300	0.645600	2.24233082e-04
87	108750	8700000	1.773708	1.748909	0.391800	0.657800	1.93853586e-04
88	110000	8800000	1.766913	1.713845	0.377700	0.642400	1.65580009e-04
89	111250	8900000	1.755325	1.757997	0.395000	0.656800	1.39445318e-04
90	112500	9000000	1.748159	1.747119	0.398700	0.660700	1.15479985e-04
91	113750	9100000	1.742644	1.785257	0.398200	0.663100	9.37119539e-05
92	115000	9200000	1.738198	1.735952	0.390800	0.654700	7.41666046e-05
93	116250	9300000	1.730717	1.727714	0.390100	0.656700	5.68667267e-05
94	117500	9400000	1.728272	1.722084	0.391900	0.654100	4.18324916e-05
95	118750	9500000	1.724284	1.759618	0.389000	0.650900	2.90814287e-05
96	120000	9600000	1.719435	1.725398	0.386700	0.653000	1.86284055e-05
97	121250	9700000	1.716718	1.662097	0.382800	0.643900	1.04856099e-05
98	122500	9800000	1.716624	1.653009	0.383900	0.644800	4.66253619e-06
99	123750	9900000	1.713862	1.659047	0.381400	0.641200	1.16597392e-06
100	125000	10000000	1.713895	1.728993	0.377200	0.638200	0.00000000e+00
